County Name,State,2023-07-23
Statewide Unallocated,AL,0
Autauga County ,AL,235
Baldwin County ,AL,731
Barbour County ,AL,104
Bibb County ,AL,111
Blount County ,AL,261
Bullock County ,AL,54
Butler County ,AL,132
Calhoun County ,AL,683
Chambers County ,AL,172
Cherokee County ,AL,89
Chilton County ,AL,221
Choctaw County ,AL,39
Clarke County ,AL,107
Clay County ,AL,94
Cleburne County ,AL,73
Coffee County ,AL,246
Colbert County ,AL,279
Conecuh County ,AL,76
Coosa County ,AL,64
Covington County ,AL,266
Crenshaw County ,AL,111
Cullman County ,AL,400
Dale County ,AL,245
Dallas County ,AL,260
DeKalb County ,AL,347
Elmore County ,AL,364
Escambia County ,AL,181
Etowah County ,AL,696
Fayette County ,AL,100
Franklin County ,AL,154
Geneva County ,AL,174
Greene County ,AL,54
Hale County ,AL,110
Henry County ,AL,79
Houston County ,AL,532
Jackson County ,AL,257
Jefferson County ,AL,2536
Lamar County ,AL,74
Lauderdale County ,AL,423
Lawrence County ,AL,181
Lee County ,AL,373
Limestone County ,AL,324
Lowndes County ,AL,81
Macon County ,AL,90
Madison County ,AL,1068
Marengo County ,AL,116
Marion County ,AL,161
Marshall County ,AL,411
Mobile County ,AL,1810
Monroe County ,AL,88
Montgomery County ,AL,1016
Morgan County ,AL,554
Perry County ,AL,49
Pickens County ,AL,122
Pike County ,AL,144
Randolph County ,AL,80
Russell County ,AL,101
St. Clair County ,AL,443
Shelby County ,AL,488
Sumter County ,AL,55
Talladega County ,AL,402
Tallapoosa County ,AL,255
Tuscaloosa County ,AL,858
Walker County ,AL,482
Washington County ,AL,61
Wilcox County ,AL,48
Winston County ,AL,143
Statewide Unallocated,AK,0
Aleutians East Borough ,AK,2
Aleutians West Census Area ,AK,3
Municipality of Anchorage,AK,619
Bethel Census Area ,AK,48
Bristol Bay Borough ,AK,2
Denali Borough ,AK,1
Dillingham Census Area ,AK,13
Fairbanks North Star Borough ,AK,171
Haines Borough ,AK,2
Hoonah-Angoon Census Area ,AK,0
City and Borough of Juneau,AK,28
Kenai Peninsula Borough ,AK,125
Ketchikan Gateway Borough ,AK,27
Kodiak Island Borough ,AK,13
Kusilvak Census Area ,AK,4
Lake and Peninsula Borough ,AK,0
Matanuska-Susitna Borough ,AK,276
Nome Census Area ,AK,7
North Slope Borough ,AK,16
Northwest Arctic Borough ,AK,22
Petersburg Borough ,AK,2
Prince of Wales - Hyder Census Area ,AK,4
City and Borough of Sitka,AK,10
Municipality of Skagway,AK,0
Southeast Fairbanks Census Area ,AK,21
Valdez-Cordova Census Area ,AK,23
City and Borough of Wrangell,AK,0
City and Borough of Yakutat,AK,2
Yukon-Koyukuk Census Area ,AK,16
Statewide Unallocated,AZ,0
Apache County ,AZ,608
Cochise County ,AZ,564
Coconino County ,AZ,472
Gila County ,AZ,379
Graham County ,AZ,176
Greenlee County ,AZ,32
La Paz County ,AZ,143
Maricopa County ,AZ,17103
Mohave County ,AZ,1435
Navajo County ,AZ,902
Pima County ,AZ,3803
Pinal County ,AZ,1645
Santa Cruz County ,AZ,228
Yavapai County ,AZ,1195
Yuma County ,AZ,1167
Statewide Unallocated,AR,0
Arkansas County ,AR,95
Ashley County ,AR,83
Baxter County ,AR,284
Benton County ,AR,1006
Boone County ,AR,204
Bradley County ,AR,57
Calhoun County ,AR,15
Carroll County ,AR,123
Chicot County ,AR,65
Clark County ,AR,92
Clay County ,AR,102
Cleburne County ,AR,148
Cleveland County ,AR,42
Columbia County ,AR,106
Conway County ,AR,84
Craighead County ,AR,388
Crawford County ,AR,295
Crittenden County ,AR,246
Cross County ,AR,106
Dallas County ,AR,41
Desha County ,AR,45
Drew County ,AR,84
Faulkner County ,AR,360
Franklin County ,AR,83
Fulton County ,AR,99
Garland County ,AR,583
Grant County ,AR,66
Greene County ,AR,201
Hempstead County ,AR,83
Hot Spring County ,AR,162
Howard County ,AR,64
Independence County ,AR,231
Izard County ,AR,78
Jackson County ,AR,76
Jefferson County ,AR,316
Johnson County ,AR,104
Lafayette County ,AR,30
Lawrence County ,AR,90
Lee County ,AR,68
Lincoln County ,AR,70
Little River County ,AR,109
Logan County ,AR,91
Lonoke County ,AR,270
Madison County ,AR,69
Marion County ,AR,95
Miller County ,AR,210
Mississippi County ,AR,236
Monroe County ,AR,40
Montgomery County ,AR,67
Nevada County ,AR,47
Newton County ,AR,54
Ouachita County ,AR,127
Perry County ,AR,43
Phillips County ,AR,106
Pike County ,AR,49
Poinsett County ,AR,140
Polk County ,AR,161
Pope County ,AR,230
Prairie County ,AR,46
Pulaski County ,AR,1325
Randolph County ,AR,107
St. Francis County ,AR,112
Saline County ,AR,396
Scott County ,AR,49
Searcy County ,AR,53
Sebastian County ,AR,589
Sevier County ,AR,84
Sharp County ,AR,123
Stone County ,AR,80
Union County ,AR,207
Van Buren County ,AR,67
Washington County ,AR,712
White County ,AR,342
Woodruff County ,AR,33
Yell County ,AR,118
Statewide Unallocated,CA,0
Alameda County ,CA,2172
Alpine County ,CA,0
Amador County ,CA,100
Butte County ,CA,503
Calaveras County ,CA,144
Colusa County ,CA,24
Contra Costa County ,CA,1604
Del Norte County ,CA,62
El Dorado County ,CA,248
Fresno County ,CA,3031
Glenn County ,CA,56
Humboldt County ,CA,172
Imperial County ,CA,987
Inyo County ,CA,63
Kern County ,CA,2502
Kings County ,CA,487
Lake County ,CA,165
Lassen County ,CA,65
Los Angeles County ,CA,36317
Madera County ,CA,377
Marin County ,CA,260
Mariposa County ,CA,32
Mendocino County ,CA,146
Merced County ,CA,904
Modoc County ,CA,11
Mono County ,CA,8
Monterey County ,CA,817
Napa County ,CA,182
Nevada County ,CA,139
Orange County ,CA,8235
Placer County ,CA,687
Plumas County ,CA,15
Riverside County ,CA,6863
Sacramento County ,CA,3627
San Benito County ,CA,117
San Bernardino County ,CA,8144
San Diego County ,CA,5900
City and County of San Francisco,CA,1235
San Joaquin County ,CA,2463
San Luis Obispo County ,CA,586
San Mateo County ,CA,747
Santa Barbara County ,CA,777
Santa Clara County ,CA,2844
Santa Cruz County ,CA,277
Shasta County ,CA,612
Sierra County ,CA,5
Siskiyou County ,CA,97
Solano County ,CA,476
Sonoma County ,CA,578
Stanislaus County ,CA,1869
Sutter County ,CA,242
Tehama County ,CA,241
Trinity County ,CA,25
Tulare County ,CA,1603
Tuolumne County ,CA,212
Ventura County ,CA,1708
Yolo County ,CA,459
Yuba County ,CA,134
Statewide Unallocated,CO,0
Adams County ,CO,1506
Alamosa County ,CO,69
Arapahoe County ,CO,1425
Archuleta County ,CO,16
Baca County ,CO,20
Bent County ,CO,51
Boulder County ,CO,478
City and County of Broomfield,CO,139
Chaffee County ,CO,58
Cheyenne County ,CO,9
Clear Creek County ,CO,12
Conejos County ,CO,60
Costilla County ,CO,18
Crowley County ,CO,33
Custer County ,CO,21
Delta County ,CO,171
City and County of Denver,CO,1571
Dolores County ,CO,8
Douglas County ,CO,527
Eagle County ,CO,41
Elbert County ,CO,47
El Paso County ,CO,1959
Fremont County ,CO,217
Garfield County ,CO,110
Gilpin County ,CO,4
Grand County ,CO,30
Gunnison County ,CO,14
Hinsdale County ,CO,0
Huerfano County ,CO,42
Jackson County ,CO,0
Jefferson County ,CO,1611
Kiowa County ,CO,6
Kit Carson County ,CO,33
Lake County ,CO,2
La Plata County ,CO,108
Larimer County ,CO,633
Las Animas County ,CO,55
Lincoln County ,CO,9
Logan County ,CO,122
Mesa County ,CO,658
Mineral County ,CO,2
Moffat County ,CO,56
Montezuma County ,CO,98
Montrose County ,CO,191
Morgan County ,CO,154
Otero County ,CO,137
Ouray County ,CO,6
Park County ,CO,24
Phillips County ,CO,21
Pitkin County ,CO,7
Prowers County ,CO,53
Pueblo County ,CO,901
Rio Blanco County ,CO,16
Rio Grande County ,CO,48
Routt County ,CO,34
Saguache County ,CO,12
San Juan County ,CO,0
San Miguel County ,CO,8
Sedgwick County ,CO,10
Summit County ,CO,15
Teller County ,CO,64
Washington County ,CO,28
Weld County ,CO,716
Yuma County ,CO,28
Statewide Unallocated,CT,2
Fairfield County ,CT,2747
Hartford County ,CT,3188
Litchfield County ,CT,468
Middlesex County ,CT,488
New Haven County ,CT,2871
New London County ,CT,679
Tolland County ,CT,281
Windham County ,CT,310
Statewide Unallocated,DE,0
Kent County ,DE,747
New Castle County ,DE,1667
Sussex County ,DE,1026
Statewide Unallocated,DC,0
District of Columbia ,DC,1392
Statewide Unallocated,FL,52102
Alachua County ,FL,285
Baker County ,FL,62
Bay County ,FL,394
Bradford County ,FL,58
Brevard County ,FL,914
Broward County ,FL,3079
Calhoun County ,FL,45
Charlotte County ,FL,437
Citrus County ,FL,463
Clay County ,FL,352
Collier County ,FL,551
Columbia County ,FL,170
DeSoto County ,FL,97
Dixie County ,FL,24
Duval County ,FL,1483
Escambia County ,FL,706
Flagler County ,FL,114
Franklin County ,FL,20
Gadsden County ,FL,99
Gilchrist County ,FL,44
Glades County ,FL,19
Gulf County ,FL,45
Hamilton County ,FL,25
Hardee County ,FL,45
Hendry County ,FL,87
Hernando County ,FL,482
Highlands County ,FL,366
Hillsborough County ,FL,1832
Holmes County ,FL,49
Indian River County ,FL,306
Jackson County ,FL,158
Jefferson County ,FL,28
Lafayette County ,FL,26
Lake County ,FL,663
Lee County ,FL,1009
Leon County ,FL,332
Levy County ,FL,56
Liberty County ,FL,16
Madison County ,FL,45
Manatee County ,FL,689
Marion County ,FL,996
Martin County ,FL,335
Miami-Dade County ,FL,6472
Monroe County ,FL,52
Nassau County ,FL,127
Okaloosa County ,FL,367
Okeechobee County ,FL,89
Orange County ,FL,1310
Osceola County ,FL,529
Palm Beach County ,FL,2883
Pasco County ,FL,802
Pinellas County ,FL,1671
Polk County ,FL,1387
Putnam County ,FL,160
St. Johns County ,FL,221
St. Lucie County ,FL,657
Santa Rosa County ,FL,291
Sarasota County ,FL,844
Seminole County ,FL,516
Sumter County ,FL,284
Suwannee County ,FL,140
Taylor County ,FL,48
Union County ,FL,74
Volusia County ,FL,846
Wakulla County ,FL,56
Walton County ,FL,89
Washington County ,FL,52
Statewide Unallocated,GA,1665
Appling County ,GA,135
Atkinson County ,GA,57
Bacon County ,GA,82
Baker County ,GA,15
Baldwin County ,GA,262
Banks County ,GA,101
Barrow County ,GA,291
Bartow County ,GA,485
Ben Hill County ,GA,125
Berrien County ,GA,96
Bibb County ,GA,832
Bleckley County ,GA,110
Brantley County ,GA,115
Brooks County ,GA,99
Bryan County ,GA,111
Bulloch County ,GA,283
Burke County ,GA,124
Butts County ,GA,180
Calhoun County ,GA,25
Camden County ,GA,139
Candler County ,GA,110
Carroll County ,GA,500
Catoosa County ,GA,204
Charlton County ,GA,65
Chatham County ,GA,1032
Chattahoochee County ,GA,24
Chattooga County ,GA,152
Cherokee County ,GA,710
Clarke County ,GA,263
Clay County ,GA,7
Clayton County ,GA,1088
Clinch County ,GA,46
Cobb County ,GA,2089
Coffee County ,GA,305
Colquitt County ,GA,277
Columbia County ,GA,437
Cook County ,GA,83
Coweta County ,GA,527
Crawford County ,GA,64
Crisp County ,GA,145
Dade County ,GA,44
Dawson County ,GA,108
Decatur County ,GA,143
DeKalb County ,GA,1972
Dodge County ,GA,174
Dooly County ,GA,76
Dougherty County ,GA,569
Douglas County ,GA,461
Early County ,GA,65
Echols County ,GA,12
Effingham County ,GA,217
Elbert County ,GA,120
Emanuel County ,GA,168
Evans County ,GA,70
Fannin County ,GA,180
Fayette County ,GA,384
Floyd County ,GA,570
Forsyth County ,GA,465
Franklin County ,GA,115
Fulton County ,GA,2658
Gilmer County ,GA,199
Glascock County ,GA,31
Glynn County ,GA,441
Gordon County ,GA,303
Grady County ,GA,114
Greene County ,GA,91
Gwinnett County ,GA,2116
Habersham County ,GA,288
Hall County ,GA,929
Hancock County ,GA,91
Haralson County ,GA,186
Harris County ,GA,124
Hart County ,GA,111
Heard County ,GA,61
Henry County ,GA,757
Houston County ,GA,542
Irwin County ,GA,57
Jackson County ,GA,314
Jasper County ,GA,82
Jeff Davis County ,GA,77
Jefferson County ,GA,121
Jenkins County ,GA,69
Johnson County ,GA,86
Jones County ,GA,127
Lamar County ,GA,131
Lanier County ,GA,32
Laurens County ,GA,328
Lee County ,GA,113
Liberty County ,GA,166
Lincoln County ,GA,40
Long County ,GA,36
Lowndes County ,GA,434
Lumpkin County ,GA,139
McDuffie County ,GA,114
McIntosh County ,GA,39
Macon County ,GA,54
Madison County ,GA,123
Marion County ,GA,57
Meriwether County ,GA,158
Miller County ,GA,31
Mitchell County ,GA,127
Monroe County ,GA,185
Montgomery County ,GA,56
Morgan County ,GA,75
Murray County ,GA,205
Muscogee County ,GA,925
Newton County ,GA,497
Oconee County ,GA,116
Oglethorpe County ,GA,65
Paulding County ,GA,476
Peach County ,GA,151
Pickens County ,GA,194
Pierce County ,GA,143
Pike County ,GA,108
Polk County ,GA,214
Pulaski County ,GA,84
Putnam County ,GA,114
Quitman County ,GA,5
Rabun County ,GA,106
Randolph County ,GA,50
Richmond County ,GA,971
Rockdale County ,GA,350
Schley County ,GA,11
Screven County ,GA,76
Seminole County ,GA,39
Spalding County ,GA,450
Stephens County ,GA,183
Stewart County ,GA,36
Sumter County ,GA,188
Talbot County ,GA,35
Taliaferro County ,GA,4
Tattnall County ,GA,144
Taylor County ,GA,53
Telfair County ,GA,90
Terrell County ,GA,71
Thomas County ,GA,235
Tift County ,GA,238
Toombs County ,GA,216
Towns County ,GA,127
Treutlen County ,GA,71
Troup County ,GA,425
Turner County ,GA,65
Twiggs County ,GA,74
Union County ,GA,181
Upson County ,GA,259
Walker County ,GA,290
Walton County ,GA,479
Ware County ,GA,304
Warren County ,GA,35
Washington County ,GA,141
Wayne County ,GA,222
Webster County ,GA,10
Wheeler County ,GA,39
White County ,GA,185
Whitfield County ,GA,492
Wilcox County ,GA,73
Wilkes County ,GA,55
Wilkinson County ,GA,67
Worth County ,GA,128
Statewide Unallocated,HI,375
Hawaii County ,HI,209
City and County of Honolulu,HI,1184
Kalawao County ,HI,0
Kauai County ,HI,37
Maui County ,HI,150
Statewide Unallocated,ID,0
Ada County ,ID,1158
Adams County ,ID,17
Bannock County ,ID,283
Bear Lake County ,ID,19
Benewah County ,ID,47
Bingham County ,ID,177
Blaine County ,ID,34
Boise County ,ID,15
Bonner County ,ID,205
Bonneville County ,ID,310
Boundary County ,ID,70
Butte County ,ID,12
Camas County ,ID,2
Canyon County ,ID,744
Caribou County ,ID,35
Cassia County ,ID,61
Clark County ,ID,1
Clearwater County ,ID,40
Custer County ,ID,9
Elmore County ,ID,76
Franklin County ,ID,31
Fremont County ,ID,30
Gem County ,ID,88
Gooding County ,ID,60
Idaho County ,ID,58
Jefferson County ,ID,71
Jerome County ,ID,68
Kootenai County ,ID,686
Latah County ,ID,62
Lemhi County ,ID,28
Lewis County ,ID,32
Lincoln County ,ID,15
Madison County ,ID,59
Minidoka County ,ID,71
Nez Perce County ,ID,163
Oneida County ,ID,13
Owyhee County ,ID,56
Payette County ,ID,95
Power County ,ID,20
Shoshone County ,ID,82
Teton County ,ID,9
Twin Falls County ,ID,319
Valley County ,ID,20
Washington County ,ID,62
Statewide Unallocated,IL,11375
Adams County ,IL,225
Alexander County ,IL,16
Bond County ,IL,31
Boone County ,IL,124
Brown County ,IL,17
Bureau County ,IL,130
Calhoun County ,IL,6
Carroll County ,IL,53
Cass County ,IL,37
Champaign County ,IL,305
Christian County ,IL,116
Clark County ,IL,54
Clay County ,IL,74
Clinton County ,IL,118
Coles County ,IL,185
Cook County ,IL,7342
Crawford County ,IL,48
Cumberland County ,IL,39
DeKalb County ,IL,207
De Witt County ,IL,41
Douglas County ,IL,59
DuPage County ,IL,1805
Edgar County ,IL,60
Edwards County ,IL,29
Effingham County ,IL,146
Fayette County ,IL,101
Ford County ,IL,70
Franklin County ,IL,180
Fulton County ,IL,136
Gallatin County ,IL,20
Greene County ,IL,48
Grundy County ,IL,148
Hamilton County ,IL,32
Hancock County ,IL,51
Hardin County ,IL,20
Henderson County ,IL,19
Henry County ,IL,127
Iroquois County ,IL,129
Jackson County ,IL,136
Jasper County ,IL,32
Jefferson County ,IL,181
Jersey County ,IL,76
Jo Daviess County ,IL,45
Johnson County ,IL,42
Kane County ,IL,1184
Kankakee County ,IL,381
Kendall County ,IL,170
Knox County ,IL,234
Lake County ,IL,1499
LaSalle County ,IL,449
Lawrence County ,IL,45
Lee County ,IL,89
Livingston County ,IL,142
Logan County ,IL,96
McDonough County ,IL,108
McHenry County ,IL,513
McLean County ,IL,325
Macon County ,IL,363
Macoupin County ,IL,146
Madison County ,IL,844
Marion County ,IL,220
Marshall County ,IL,33
Mason County ,IL,66
Massac County ,IL,71
Menard County ,IL,25
Mercer County ,IL,51
Monroe County ,IL,135
Montgomery County ,IL,109
Morgan County ,IL,134
Moultrie County ,IL,51
Ogle County ,IL,137
Peoria County ,IL,565
Perry County ,IL,99
Piatt County ,IL,23
Pike County ,IL,70
Pope County ,IL,9
Pulaski County ,IL,24
Putnam County ,IL,11
Randolph County ,IL,133
Richland County ,IL,77
Rock Island County ,IL,508
St. Clair County ,IL,800
Saline County ,IL,105
Sangamon County ,IL,431
Schuyler County ,IL,17
Scott County ,IL,14
Shelby County ,IL,80
Stark County ,IL,39
Stephenson County ,IL,178
Tazewell County ,IL,502
Union County ,IL,67
Vermilion County ,IL,313
Wabash County ,IL,30
Warren County ,IL,87
Washington County ,IL,36
Wayne County ,IL,91
White County ,IL,53
Whiteside County ,IL,242
Will County ,IL,1660
Williamson County ,IL,267
Winnebago County ,IL,877
Woodford County ,IL,118
Statewide Unallocated,IN,2586
Adams County ,IN,112
Allen County ,IN,1173
Bartholomew County ,IN,249
Benton County ,IN,21
Blackford County ,IN,69
Boone County ,IN,181
Brown County ,IN,62
Carroll County ,IN,67
Cass County ,IN,163
Clark County ,IN,395
Clay County ,IN,87
Clinton County ,IN,124
Crawford County ,IN,38
Daviess County ,IN,151
Dearborn County ,IN,139
Decatur County ,IN,145
DeKalb County ,IN,149
Delaware County ,IN,440
Dubois County ,IN,165
Elkhart County ,IN,728
Fayette County ,IN,146
Floyd County ,IN,297
Fountain County ,IN,101
Franklin County ,IN,65
Fulton County ,IN,102
Gibson County ,IN,145
Grant County ,IN,345
Greene County ,IN,139
Hamilton County ,IN,656
Hancock County ,IN,258
Harrison County ,IN,138
Hendricks County ,IN,552
Henry County ,IN,229
Howard County ,IN,445
Huntington County ,IN,155
Jackson County ,IN,130
Jasper County ,IN,147
Jay County ,IN,78
Jefferson County ,IN,154
Jennings County ,IN,108
Johnson County ,IN,610
Knox County ,IN,153
Kosciusko County ,IN,236
LaGrange County ,IN,102
Lake County ,IN,1813
LaPorte County ,IN,365
Lawrence County ,IN,258
Madison County ,IN,647
Marion County ,IN,2966
Marshall County ,IN,195
Martin County ,IN,25
Miami County ,IN,159
Monroe County ,IN,279
Montgomery County ,IN,164
Morgan County ,IN,286
Newton County ,IN,68
Noble County ,IN,156
Ohio County ,IN,19
Orange County ,IN,96
Owen County ,IN,118
Parke County ,IN,49
Perry County ,IN,68
Pike County ,IN,49
Porter County ,IN,558
Posey County ,IN,58
Pulaski County ,IN,86
Putnam County ,IN,127
Randolph County ,IN,147
Ripley County ,IN,138
Rush County ,IN,58
St. Joseph County ,IN,863
Scott County ,IN,106
Shelby County ,IN,181
Spencer County ,IN,60
Starke County ,IN,96
Steuben County ,IN,120
Sullivan County ,IN,76
Switzerland County ,IN,20
Tippecanoe County ,IN,392
Tipton County ,IN,87
Union County ,IN,21
Vanderburgh County ,IN,621
Vermillion County ,IN,74
Vigo County ,IN,410
Wabash County ,IN,154
Warren County ,IN,30
Warrick County ,IN,237
Washington County ,IN,81
Wayne County ,IN,334
Wells County ,IN,132
White County ,IN,94
Whitley County ,IN,83
Statewide Unallocated,IA,0
Adair County ,IA,52
Adams County ,IA,14
Allamakee County ,IA,67
Appanoose County ,IA,80
Audubon County ,IA,24
Benton County ,IA,82
Black Hawk County ,IA,520
Boone County ,IA,67
Bremer County ,IA,87
Buchanan County ,IA,67
Buena Vista County ,IA,65
Butler County ,IA,61
Calhoun County ,IA,26
Carroll County ,IA,82
Cass County ,IA,87
Cedar County ,IA,46
Cerro Gordo County ,IA,180
Cherokee County ,IA,73
Chickasaw County ,IA,37
Clarke County ,IA,42
Clay County ,IA,52
Clayton County ,IA,80
Clinton County ,IA,167
Crawford County ,IA,59
Dallas County ,IA,157
Davis County ,IA,35
Decatur County ,IA,28
Delaware County ,IA,71
Des Moines County ,IA,160
Dickinson County ,IA,77
Dubuque County ,IA,325
Emmet County ,IA,55
Fayette County ,IA,86
Floyd County ,IA,69
Franklin County ,IA,48
Fremont County ,IA,29
Greene County ,IA,28
Grundy County ,IA,50
Guthrie County ,IA,48
Hamilton County ,IA,87
Hancock County ,IA,51
Hardin County ,IA,70
Harrison County ,IA,101
Henry County ,IA,82
Howard County ,IA,37
Humboldt County ,IA,43
Ida County ,IA,51
Iowa County ,IA,53
Jackson County ,IA,74
Jasper County ,IA,124
Jefferson County ,IA,60
Johnson County ,IA,173
Jones County ,IA,82
Keokuk County ,IA,54
Kossuth County ,IA,97
Lee County ,IA,148
Linn County ,IA,654
Louisa County ,IA,67
Lucas County ,IA,33
Lyon County ,IA,55
Madison County ,IA,45
Mahaska County ,IA,95
Marion County ,IA,133
Marshall County ,IA,131
Mills County ,IA,46
Mitchell County ,IA,50
Monona County ,IA,53
Monroe County ,IA,52
Montgomery County ,IA,59
Muscatine County ,IA,139
O'Brien County ,IA,73
Osceola County ,IA,23
Page County ,IA,54
Palo Alto County ,IA,41
Plymouth County ,IA,112
Pocahontas County ,IA,31
Polk County ,IA,1201
Pottawattamie County ,IA,349
Poweshiek County ,IA,65
Ringgold County ,IA,42
Sac County ,IA,42
Scott County ,IA,439
Shelby County ,IA,56
Sioux County ,IA,96
Story County ,IA,101
Tama County ,IA,100
Taylor County ,IA,25
Union County ,IA,54
Van Buren County ,IA,28
Wapello County ,IA,220
Warren County ,IA,152
Washington County ,IA,88
Wayne County ,IA,34
Webster County ,IA,185
Winnebago County ,IA,47
Winneshiek County ,IA,55
Woodbury County ,IA,356
Worth County ,IA,17
Wright County ,IA,70
Statewide Unallocated,KS,1832
Allen County ,KS,53
Anderson County ,KS,29
Atchison County ,KS,34
Barber County ,KS,8
Barton County ,KS,96
Bourbon County ,KS,52
Brown County ,KS,46
Butler County ,KS,184
Chase County ,KS,7
Chautauqua County ,KS,17
Cherokee County ,KS,84
Cheyenne County ,KS,14
Clark County ,KS,8
Clay County ,KS,35
Cloud County ,KS,36
Coffey County ,KS,42
Comanche County ,KS,16
Cowley County ,KS,152
Crawford County ,KS,128
Decatur County ,KS,20
Dickinson County ,KS,78
Doniphan County ,KS,34
Douglas County ,KS,136
Edwards County ,KS,13
Elk County ,KS,10
Ellis County ,KS,81
Ellsworth County ,KS,32
Finney County ,KS,112
Ford County ,KS,113
Franklin County ,KS,81
Geary County ,KS,75
Gove County ,KS,23
Graham County ,KS,15
Grant County ,KS,36
Gray County ,KS,23
Greeley County ,KS,3
Greenwood County ,KS,23
Hamilton County ,KS,3
Harper County ,KS,27
Harvey County ,KS,123
Haskell County ,KS,11
Hodgeman County ,KS,10
Jackson County ,KS,29
Jefferson County ,KS,61
Jewell County ,KS,13
Johnson County ,KS,1199
Kearny County ,KS,20
Kingman County ,KS,28
Kiowa County ,KS,7
Labette County ,KS,74
Lane County ,KS,12
Leavenworth County ,KS,183
Lincoln County ,KS,10
Linn County ,KS,28
Logan County ,KS,13
Lyon County ,KS,120
McPherson County ,KS,126
Marion County ,KS,43
Marshall County ,KS,42
Meade County ,KS,20
Miami County ,KS,93
Mitchell County ,KS,22
Montgomery County ,KS,154
Morris County ,KS,28
Morton County ,KS,11
Nemaha County ,KS,60
Neosho County ,KS,66
Ness County ,KS,18
Norton County ,KS,37
Osage County ,KS,49
Osborne County ,KS,17
Ottawa County ,KS,17
Pawnee County ,KS,24
Phillips County ,KS,30
Pottawatomie County ,KS,55
Pratt County ,KS,30
Rawlins County ,KS,9
Reno County ,KS,228
Republic County ,KS,16
Rice County ,KS,23
Riley County ,KS,81
Rooks County ,KS,20
Rush County ,KS,18
Russell County ,KS,37
Saline County ,KS,239
Scott County ,KS,34
Sedgwick County ,KS,1360
Seward County ,KS,59
Shawnee County ,KS,612
Sheridan County ,KS,18
Sherman County ,KS,20
Smith County ,KS,7
Stafford County ,KS,26
Stanton County ,KS,8
Stevens County ,KS,20
Sumner County ,KS,70
Thomas County ,KS,28
Trego County ,KS,10
Wabaunsee County ,KS,22
Wallace County ,KS,5
Washington County ,KS,22
Wichita County ,KS,8
Wilson County ,KS,43
Woodson County ,KS,15
Wyandotte County ,KS,477
Statewide Unallocated,KY,0
Adair County ,KY,115
Allen County ,KY,125
Anderson County ,KY,79
Ballard County ,KY,37
Barren County ,KY,239
Bath County ,KY,53
Bell County ,KY,172
Boone County ,KY,353
Bourbon County ,KY,74
Boyd County ,KY,210
Boyle County ,KY,165
Bracken County ,KY,29
Breathitt County ,KY,72
Breckinridge County ,KY,89
Bullitt County ,KY,258
Butler County ,KY,58
Caldwell County ,KY,66
Calloway County ,KY,105
Campbell County ,KY,212
Carlisle County ,KY,24
Carroll County ,KY,54
Carter County ,KY,122
Casey County ,KY,84
Christian County ,KY,235
Clark County ,KY,83
Clay County ,KY,110
Clinton County ,KY,58
Crittenden County ,KY,58
Cumberland County ,KY,35
Daviess County ,KY,447
Edmonson County ,KY,57
Elliott County ,KY,22
Estill County ,KY,58
Fayette County ,KY,724
Fleming County ,KY,74
Floyd County ,KY,254
Franklin County ,KY,191
Fulton County ,KY,35
Gallatin County ,KY,57
Garrard County ,KY,93
Grant County ,KY,74
Graves County ,KY,205
Grayson County ,KY,151
Green County ,KY,51
Greenup County ,KY,159
Hancock County ,KY,30
Hardin County ,KY,491
Harlan County ,KY,233
Harrison County ,KY,91
Hart County ,KY,110
Henderson County ,KY,185
Henry County ,KY,61
Hickman County ,KY,31
Hopkins County ,KY,283
Jackson County ,KY,84
Jefferson County ,KY,2676
Jessamine County ,KY,168
Johnson County ,KY,138
Kenton County ,KY,472
Knott County ,KY,77
Knox County ,KY,174
LaRue County ,KY,80
Laurel County ,KY,288
Lawrence County ,KY,80
Lee County ,KY,59
Leslie County ,KY,60
Letcher County ,KY,138
Lewis County ,KY,94
Lincoln County ,KY,151
Livingston County ,KY,66
Logan County ,KY,140
Lyon County ,KY,41
McCracken County ,KY,311
McCreary County ,KY,91
McLean County ,KY,62
Madison County ,KY,310
Magoffin County ,KY,62
Marion County ,KY,92
Marshall County ,KY,129
Martin County ,KY,54
Mason County ,KY,117
Meade County ,KY,69
Menifee County ,KY,36
Mercer County ,KY,118
Metcalfe County ,KY,77
Monroe County ,KY,90
Montgomery County ,KY,128
Morgan County ,KY,36
Muhlenberg County ,KY,135
Nelson County ,KY,171
Nicholas County ,KY,35
Ohio County ,KY,123
Oldham County ,KY,164
Owen County ,KY,40
Owsley County ,KY,34
Pendleton County ,KY,43
Perry County ,KY,210
Pike County ,KY,366
Powell County ,KY,51
Pulaski County ,KY,328
Robertson County ,KY,22
Rockcastle County ,KY,69
Rowan County ,KY,79
Russell County ,KY,100
Scott County ,KY,124
Shelby County ,KY,186
Simpson County ,KY,104
Spencer County ,KY,67
Taylor County ,KY,145
Todd County ,KY,48
Trigg County ,KY,50
Trimble County ,KY,48
Union County ,KY,63
Warren County ,KY,427
Washington County ,KY,71
Wayne County ,KY,106
Webster County ,KY,52
Whitley County ,KY,234
Wolfe County ,KY,30
Woodford County ,KY,60
Statewide Unallocated,LA,0
Acadia Parish ,LA,301
Allen Parish ,LA,143
Ascension Parish ,LA,302
Assumption Parish ,LA,72
Avoyelles Parish ,LA,215
Beauregard Parish ,LA,144
Bienville Parish ,LA,115
Bossier Parish ,LA,522
Caddo Parish ,LA,1222
Calcasieu Parish ,LA,731
Caldwell Parish ,LA,55
Cameron Parish ,LA,10
Catahoula Parish ,LA,59
Claiborne Parish ,LA,81
Concordia Parish ,LA,91
De Soto Parish ,LA,142
East Baton Rouge Parish ,LA,1395
East Carroll Parish ,LA,38
East Feliciana Parish ,LA,177
Evangeline Parish ,LA,161
Franklin Parish ,LA,186
Grant Parish ,LA,97
Iberia Parish ,LA,271
Iberville Parish ,LA,155
Jackson Parish ,LA,81
Jefferson Parish ,LA,1409
Jefferson Davis Parish ,LA,171
Lafayette Parish ,LA,520
Lafourche Parish ,LA,392
LaSalle Parish ,LA,67
Lincoln Parish ,LA,156
Livingston Parish ,LA,480
Madison Parish ,LA,64
Morehouse Parish ,LA,142
Natchitoches Parish ,LA,181
Orleans Parish ,LA,1169
Ouachita Parish ,LA,806
Plaquemines Parish ,LA,48
Pointe Coupee Parish ,LA,96
Rapides Parish ,LA,604
Red River Parish ,LA,58
Richland Parish ,LA,104
Sabine Parish ,LA,122
St. Bernard Parish ,LA,117
St. Charles Parish ,LA,152
St. Helena Parish ,LA,25
St. James Parish ,LA,78
St. John the Baptist Parish ,LA,187
St. Landry Parish ,LA,426
St. Martin Parish ,LA,197
St. Mary Parish ,LA,281
St. Tammany Parish ,LA,911
Tangipahoa Parish ,LA,645
Tensas Parish ,LA,13
Terrebonne Parish ,LA,432
Union Parish ,LA,142
Vermilion Parish ,LA,241
Vernon Parish ,LA,195
Washington Parish ,LA,264
Webster Parish ,LA,195
West Baton Rouge Parish ,LA,93
West Carroll Parish ,LA,71
West Feliciana Parish ,LA,48
Winn Parish ,LA,68
Statewide Unallocated,ME,0
Androscoggin County ,ME,351
Aroostook County ,ME,212
Cumberland County ,ME,527
Franklin County ,ME,72
Hancock County ,ME,123
Kennebec County ,ME,321
Knox County ,ME,62
Lincoln County ,ME,48
Oxford County ,ME,185
Penobscot County ,ME,418
Piscataquis County ,ME,48
Sagadahoc County ,ME,49
Somerset County ,ME,128
Waldo County ,ME,87
Washington County ,ME,76
York County ,ME,378
Statewide Unallocated,MD,484
Allegany County ,MD,372
Anne Arundel County ,MD,1147
Baltimore County ,MD,2587
Calvert County ,MD,153
Caroline County ,MD,83
Carroll County ,MD,424
Cecil County ,MD,269
Charles County ,MD,370
Dorchester County ,MD,112
Frederick County ,MD,546
Garrett County ,MD,117
Harford County ,MD,606
Howard County ,MD,394
Kent County ,MD,73
Montgomery County ,MD,2138
Prince George's County ,MD,2226
Queen Anne's County ,MD,118
St. Mary's County ,MD,230
Somerset County ,MD,76
Talbot County ,MD,94
Washington County ,MD,600
Wicomico County ,MD,342
Worcester County ,MD,167
Baltimore City ,MD,1850
Statewide Unallocated,MA,24
Barnstable County ,MA,608
Berkshire County ,MA,395
Bristol County ,MA,2214
Dukes County ,MA,0
Essex County ,MA,2828
Franklin County ,MA,151
Hampden County ,MA,1859
Hampshire County ,MA,368
Middlesex County ,MA,4154
Town and County of Nantucket,MA,0
Norfolk County ,MA,1976
Plymouth County ,MA,1736
Suffolk County ,MA,2050
Worcester County ,MA,2672
Statewide Unallocated,MI,244
Alcona County ,MI,81
Alger County ,MI,21
Allegan County ,MI,415
Alpena County ,MI,163
Antrim County ,MI,77
Arenac County ,MI,89
Baraga County ,MI,62
Barry County ,MI,191
Bay County ,MI,707
Benzie County ,MI,78
Berrien County ,MI,722
Branch County ,MI,217
Calhoun County ,MI,702
Cass County ,MI,173
Charlevoix County ,MI,75
Cheboygan County ,MI,138
Chippewa County ,MI,121
Clare County ,MI,194
Clinton County ,MI,245
Crawford County ,MI,40
Delta County ,MI,198
Dickinson County ,MI,133
Eaton County ,MI,497
Emmet County ,MI,114
Genesee County ,MI,2068
Gladwin County ,MI,141
Gogebic County ,MI,79
Grand Traverse County ,MI,279
Gratiot County ,MI,216
Hillsdale County ,MI,229
Houghton County ,MI,110
Huron County ,MI,168
Ingham County ,MI,928
Ionia County ,MI,212
Iosco County ,MI,184
Iron County ,MI,103
Isabella County ,MI,242
Jackson County ,MI,656
Kalamazoo County ,MI,838
Kalkaska County ,MI,71
Kent County ,MI,1930
Keweenaw County ,MI,17
Lake County ,MI,42
Lapeer County ,MI,488
Leelanau County ,MI,68
Lenawee County ,MI,382
Livingston County ,MI,558
Luce County ,MI,25
Mackinac County ,MI,40
Macomb County ,MI,4684
Manistee County ,MI,109
Marquette County ,MI,180
Mason County ,MI,120
Mecosta County ,MI,130
Menominee County ,MI,87
Midland County ,MI,273
Missaukee County ,MI,72
Monroe County ,MI,560
Montcalm County ,MI,250
Montmorency County ,MI,53
Muskegon County ,MI,730
Newaygo County ,MI,185
Oakland County ,MI,4686
Oceana County ,MI,111
Ogemaw County ,MI,126
Ontonagon County ,MI,45
Osceola County ,MI,101
Oscoda County ,MI,62
Otsego County ,MI,118
Ottawa County ,MI,955
Presque Isle County ,MI,65
Roscommon County ,MI,133
Saginaw County ,MI,1116
St. Clair County ,MI,966
St. Joseph County ,MI,243
Sanilac County ,MI,232
Schoolcraft County ,MI,22
Shiawassee County ,MI,273
Tuscola County ,MI,322
Van Buren County ,MI,337
Washtenaw County ,MI,665
Wayne County ,MI,9277
Wexford County ,MI,132
Statewide Unallocated,MN,0
Aitkin County ,MN,63
Anoka County ,MN,808
Becker County ,MN,96
Beltrami County ,MN,128
Benton County ,MN,177
Big Stone County ,MN,9
Blue Earth County ,MN,105
Brown County ,MN,81
Carlton County ,MN,100
Carver County ,MN,119
Cass County ,MN,84
Chippewa County ,MN,48
Chisago County ,MN,120
Clay County ,MN,127
Clearwater County ,MN,31
Cook County ,MN,4
Cottonwood County ,MN,41
Crow Wing County ,MN,172
Dakota County ,MN,796
Dodge County ,MN,22
Douglas County ,MN,119
Faribault County ,MN,54
Fillmore County ,MN,24
Freeborn County ,MN,78
Goodhue County ,MN,140
Grant County ,MN,12
Hennepin County ,MN,2634
Houston County ,MN,20
Hubbard County ,MN,60
Isanti County ,MN,119
Itasca County ,MN,149
Jackson County ,MN,17
Kanabec County ,MN,57
Kandiyohi County ,MN,142
Kittson County ,MN,28
Koochiching County ,MN,38
Lac qui Parle County ,MN,29
Lake County ,MN,30
Lake of the Woods County ,MN,6
Le Sueur County ,MN,51
Lincoln County ,MN,6
Lyon County ,MN,74
McLeod County ,MN,108
Mahnomen County ,MN,18
Marshall County ,MN,24
Martin County ,MN,65
Meeker County ,MN,75
Mille Lacs County ,MN,117
Morrison County ,MN,106
Mower County ,MN,74
Murray County ,MN,19
Nicollet County ,MN,68
Nobles County ,MN,60
Norman County ,MN,14
Olmsted County ,MN,194
Otter Tail County ,MN,172
Pennington County ,MN,41
Pine County ,MN,68
Pipestone County ,MN,34
Polk County ,MN,110
Pope County ,MN,19
Ramsey County ,MN,1373
Red Lake County ,MN,13
Redwood County ,MN,54
Renville County ,MN,58
Rice County ,MN,184
Rock County ,MN,35
Roseau County ,MN,45
St. Louis County ,MN,546
Scott County ,MN,266
Sherburne County ,MN,183
Sibley County ,MN,25
Stearns County ,MN,373
Steele County ,MN,63
Stevens County ,MN,14
Swift County ,MN,33
Todd County ,MN,61
Traverse County ,MN,10
Wabasha County ,MN,19
Wadena County ,MN,58
Waseca County ,MN,39
Washington County ,MN,494
Watonwan County ,MN,24
Wilkin County ,MN,22
Winona County ,MN,74
Wright County ,MN,306
Yellow Medicine County ,MN,30
Statewide Unallocated,MS,0
Adams County ,MS,153
Alcorn County ,MS,177
Amite County ,MS,71
Attala County ,MS,126
Benton County ,MS,51
Bolivar County ,MS,194
Calhoun County ,MS,79
Carroll County ,MS,59
Chickasaw County ,MS,105
Choctaw County ,MS,37
Claiborne County ,MS,50
Clarke County ,MS,112
Clay County ,MS,104
Coahoma County ,MS,139
Copiah County ,MS,131
Covington County ,MS,124
DeSoto County ,MS,595
Forrest County ,MS,331
Franklin County ,MS,40
George County ,MS,92
Greene County ,MS,61
Grenada County ,MS,142
Hancock County ,MS,164
Harrison County ,MS,720
Hinds County ,MS,868
Holmes County ,MS,108
Humphreys County ,MS,51
Issaquena County ,MS,9
Itawamba County ,MS,153
Jackson County ,MS,505
Jasper County ,MS,86
Jefferson County ,MS,40
Jefferson Davis County ,MS,57
Jones County ,MS,316
Kemper County ,MS,53
Lafayette County ,MS,192
Lamar County ,MS,173
Lauderdale County ,MS,393
Lawrence County ,MS,62
Leake County ,MS,128
Lee County ,MS,336
Leflore County ,MS,184
Lincoln County ,MS,166
Lowndes County ,MS,259
Madison County ,MS,357
Marion County ,MS,155
Marshall County ,MS,196
Monroe County ,MS,233
Montgomery County ,MS,85
Neshoba County ,MS,248
Newton County ,MS,108
Noxubee County ,MS,52
Oktibbeha County ,MS,173
Panola County ,MS,183
Pearl River County ,MS,290
Perry County ,MS,66
Pike County ,MS,197
Pontotoc County ,MS,161
Prentiss County ,MS,119
Quitman County ,MS,35
Rankin County ,MS,533
Scott County ,MS,123
Sharkey County ,MS,28
Simpson County ,MS,164
Smith County ,MS,72
Stone County ,MS,82
Sunflower County ,MS,138
Tallahatchie County ,MS,72
Tate County ,MS,161
Tippah County ,MS,118
Tishomingo County ,MS,123
Tunica County ,MS,50
Union County ,MS,136
Walthall County ,MS,85
Warren County ,MS,219
Washington County ,MS,215
Wayne County ,MS,92
Webster County ,MS,76
Wilkinson County ,MS,47
Winston County ,MS,105
Yalobusha County ,MS,63
Yazoo County ,MS,118
Statewide Unallocated,MO,0
Adair County ,MO,71
Andrew County ,MO,66
Atchison County ,MO,24
Audrain County ,MO,125
Barry County ,MO,153
Barton County ,MO,56
Bates County ,MO,103
Benton County ,MO,114
Bollinger County ,MO,50
Boone County ,MO,304
Buchanan County ,MO,350
Butler County ,MO,186
Caldwell County ,MO,44
Callaway County ,MO,149
Camden County ,MO,197
Cape Girardeau County ,MO,278
Carroll County ,MO,48
Carter County ,MO,24
Cass County ,MO,349
Cedar County ,MO,61
Chariton County ,MO,43
Christian County ,MO,295
Clark County ,MO,50
Clay County ,MO,415
Clinton County ,MO,132
Cole County ,MO,308
Cooper County ,MO,82
Crawford County ,MO,117
Dade County ,MO,50
Dallas County ,MO,83
Daviess County ,MO,32
DeKalb County ,MO,51
Dent County ,MO,93
Douglas County ,MO,89
Dunklin County ,MO,143
Franklin County ,MO,419
Gasconade County ,MO,116
Gentry County ,MO,38
Greene County ,MO,1174
Grundy County ,MO,75
Harrison County ,MO,36
Henry County ,MO,96
Hickory County ,MO,59
Holt County ,MO,34
Howard County ,MO,39
Howell County ,MO,232
Iron County ,MO,53
Jackson County ,MO,887
Jasper County ,MO,348
Jefferson County ,MO,759
Johnson County ,MO,154
Knox County ,MO,16
Laclede County ,MO,196
Lafayette County ,MO,150
Lawrence County ,MO,190
Lewis County ,MO,48
Lincoln County ,MO,163
Linn County ,MO,80
Livingston County ,MO,109
McDonald County ,MO,80
Macon County ,MO,69
Madison County ,MO,60
Maries County ,MO,42
Marion County ,MO,137
Mercer County ,MO,17
Miller County ,MO,129
Mississippi County ,MO,66
Moniteau County ,MO,61
Monroe County ,MO,52
Montgomery County ,MO,63
Morgan County ,MO,127
New Madrid County ,MO,96
Newton County ,MO,225
Nodaway County ,MO,51
Oregon County ,MO,42
Osage County ,MO,52
Ozark County ,MO,64
Pemiscot County ,MO,86
Perry County ,MO,52
Pettis County ,MO,191
Phelps County ,MO,264
Pike County ,MO,65
Platte County ,MO,108
Polk County ,MO,122
Pulaski County ,MO,137
Putnam County ,MO,26
Ralls County ,MO,30
Randolph County ,MO,117
Ray County ,MO,102
Reynolds County ,MO,27
Ripley County ,MO,71
St. Charles County ,MO,1068
St. Clair County ,MO,47
Ste. Genevieve County ,MO,42
St. Francois County ,MO,331
St. Louis County ,MO,3575
Saline County ,MO,121
Schuyler County ,MO,26
Scotland County ,MO,20
Scott County ,MO,172
Shannon County ,MO,43
Shelby County ,MO,18
Stoddard County ,MO,152
Stone County ,MO,137
Sullivan County ,MO,29
Taney County ,MO,255
Texas County ,MO,114
Vernon County ,MO,116
Warren County ,MO,118
Washington County ,MO,156
Wayne County ,MO,58
Webster County ,MO,165
Worth County ,MO,5
Wright County ,MO,95
City of St. Louis,MO,876
Statewide Unallocated,MT,0
Beaverhead County ,MT,33
Big Horn County ,MT,104
Blaine County ,MT,34
Broadwater County ,MT,22
Carbon County ,MT,30
Carter County ,MT,5
Cascade County ,MT,377
Chouteau County ,MT,15
Custer County ,MT,54
Daniels County ,MT,9
Dawson County ,MT,61
Deer Lodge County ,MT,30
Fallon County ,MT,12
Fergus County ,MT,63
Flathead County ,MT,309
Gallatin County ,MT,135
Garfield County ,MT,3
Glacier County ,MT,79
Golden Valley County ,MT,5
Granite County ,MT,10
Hill County ,MT,77
Jefferson County ,MT,27
Judith Basin County ,MT,1
Lake County ,MT,110
Lewis and Clark County ,MT,205
Liberty County ,MT,5
Lincoln County ,MT,97
McCone County ,MT,10
Madison County ,MT,23
Meagher County ,MT,12
Mineral County ,MT,17
Missoula County ,MT,228
Musselshell County ,MT,31
Park County ,MT,39
Petroleum County ,MT,1
Phillips County ,MT,31
Pondera County ,MT,11
Powder River County ,MT,10
Powell County ,MT,32
Prairie County ,MT,4
Ravalli County ,MT,180
Richland County ,MT,39
Roosevelt County ,MT,78
Rosebud County ,MT,63
Sanders County ,MT,53
Sheridan County ,MT,13
Silver Bow County ,MT,139
Stillwater County ,MT,33
Sweet Grass County ,MT,13
Teton County ,MT,29
Toole County ,MT,25
Treasure County ,MT,1
Valley County ,MT,45
Wheatland County ,MT,14
Wibaux County ,MT,8
Yellowstone County ,MT,618
Statewide Unallocated,NE,2767
Adams County ,NE,46
Antelope County ,NE,7
Arthur County ,NE,1
Banner County ,NE,0
Blaine County ,NE,0
Boone County ,NE,4
Box Butte County ,NE,8
Boyd County ,NE,3
Brown County ,NE,2
Buffalo County ,NE,57
Burt County ,NE,12
Butler County ,NE,11
Cass County ,NE,16
Cedar County ,NE,11
Chase County ,NE,5
Cherry County ,NE,7
Cheyenne County ,NE,16
Clay County ,NE,11
Colfax County ,NE,21
Cuming County ,NE,15
Custer County ,NE,19
Dakota County ,NE,65
Dawes County ,NE,12
Dawson County ,NE,31
Deuel County ,NE,1
Dixon County ,NE,9
Dodge County ,NE,62
Douglas County ,NE,718
Dundy County ,NE,4
Fillmore County ,NE,8
Franklin County ,NE,4
Frontier County ,NE,1
Furnas County ,NE,5
Gage County ,NE,19
Garden County ,NE,1
Garfield County ,NE,1
Gosper County ,NE,5
Grant County ,NE,4
Greeley County ,NE,1
Hall County ,NE,117
Hamilton County ,NE,17
Harlan County ,NE,0
Hayes County ,NE,0
Hitchcock County ,NE,5
Holt County ,NE,16
Hooker County ,NE,2
Howard County ,NE,10
Jefferson County ,NE,1
Johnson County ,NE,9
Kearney County ,NE,5
Keith County ,NE,10
Keya Paha County ,NE,0
Kimball County ,NE,1
Knox County ,NE,12
Lancaster County ,NE,0
Lincoln County ,NE,60
Logan County ,NE,0
Loup County ,NE,0
McPherson County ,NE,1
Madison County ,NE,44
Merrick County ,NE,15
Morrill County ,NE,7
Nance County ,NE,10
Nemaha County ,NE,15
Nuckolls County ,NE,11
Otoe County ,NE,10
Pawnee County ,NE,1
Perkins County ,NE,11
Phelps County ,NE,10
Pierce County ,NE,20
Platte County ,NE,50
Polk County ,NE,9
Red Willow County ,NE,15
Richardson County ,NE,19
Rock County ,NE,2
Saline County ,NE,2
Sarpy County ,NE,131
Saunders County ,NE,16
Scotts Bluff County ,NE,48
Seward County ,NE,32
Sheridan County ,NE,10
Sherman County ,NE,4
Sioux County ,NE,0
Stanton County ,NE,11
Thayer County ,NE,4
Thomas County ,NE,1
Thurston County ,NE,11
Valley County ,NE,2
Washington County ,NE,25
Wayne County ,NE,7
Webster County ,NE,7
Wheeler County ,NE,0
York County ,NE,11
Statewide Unallocated,NV,0
Churchill County ,NV,123
Clark County ,NV,9420
Douglas County ,NV,101
Elko County ,NV,153
Esmeralda County ,NV,5
Eureka County ,NV,2
Humboldt County ,NV,67
Lander County ,NV,23
Lincoln County ,NV,12
Lyon County ,NV,192
Mineral County ,NV,20
Nye County ,NV,306
Pershing County ,NV,32
Storey County ,NV,15
Washoe County ,NV,1349
White Pine County ,NV,26
Consolidated Municipality of Carson City,NV,238
Statewide Unallocated,NH,305
Belknap County ,NH,190
Carroll County ,NH,67
Cheshire County ,NH,122
Coos County ,NH,123
Grafton County ,NH,79
Hillsborough County ,NH,954
Merrimack County ,NH,249
Rockingham County ,NH,583
Strafford County ,NH,227
Sullivan County ,NH,73
Statewide Unallocated,NJ,0
Atlantic County ,NJ,1073
Bergen County ,NJ,3708
Burlington County ,NJ,1364
Camden County ,NJ,1959
Cape May County ,NJ,332
Cumberland County ,NJ,657
Essex County ,NJ,3756
Gloucester County ,NJ,1044
Hudson County ,NJ,2841
Hunterdon County ,NJ,304
Mercer County ,NJ,1338
Middlesex County ,NJ,3011
Monmouth County ,NJ,2362
Morris County ,NJ,1668
Ocean County ,NJ,3256
Passaic County ,NJ,2446
Salem County ,NJ,262
Somerset County ,NJ,1025
Sussex County ,NJ,516
Union County ,NJ,2487
Warren County ,NJ,365
Statewide Unallocated,NM,0
Bernalillo County ,NM,2320
Catron County ,NM,23
Chaves County ,NM,365
Cibola County ,NM,218
Colfax County ,NM,73
Curry County ,NM,236
De Baca County ,NM,6
Dona Ana County ,NM,952
Eddy County ,NM,329
Grant County ,NM,119
Guadalupe County ,NM,18
Harding County ,NM,4
Hidalgo County ,NM,18
Lea County ,NM,413
Lincoln County ,NM,77
Los Alamos County ,NM,26
Luna County ,NM,154
McKinley County ,NM,667
Mora County ,NM,22
Otero County ,NM,232
Quay County ,NM,70
Rio Arriba County ,NM,170
Roosevelt County ,NM,112
Sandoval County ,NM,522
San Juan County ,NM,871
San Miguel County ,NM,92
Santa Fe County ,NM,410
Sierra County ,NM,89
Socorro County ,NM,102
Taos County ,NM,111
Torrance County ,NM,63
Union County ,NM,19
Valencia County ,NM,333
Statewide Unallocated,NY,579
Albany County ,NY,638
Allegany County ,NY,166
Bronx County ,NY,8526
Broome County ,NY,617
Cattaraugus County ,NY,255
Cayuga County ,NY,189
Chautauqua County ,NY,349
Chemung County ,NY,268
Chenango County ,NY,143
Clinton County ,NY,137
Columbia County ,NY,182
Cortland County ,NY,139
Delaware County ,NY,94
Dutchess County ,NY,751
Erie County ,NY,2698
Essex County ,NY,87
Franklin County ,NY,60
Fulton County ,NY,187
Genesee County ,NY,209
Greene County ,NY,155
Hamilton County ,NY,5
Herkimer County ,NY,216
Jefferson County ,NY,165
Kings County ,NY,14264
Lewis County ,NY,61
Livingston County ,NY,145
Madison County ,NY,152
Monroe County ,NY,1923
Montgomery County ,NY,240
Nassau County ,NY,4391
New York County ,NY,6186
Niagara County ,NY,651
Oneida County ,NY,902
Onondaga County ,NY,1241
Ontario County ,NY,234
Orange County ,NY,1070
Orleans County ,NY,132
Oswego County ,NY,243
Otsego County ,NY,113
Putnam County ,NY,149
Queens County ,NY,13448
Rensselaer County ,NY,331
Richmond County ,NY,2749
Rockland County ,NY,988
St. Lawrence County ,NY,229
Saratoga County ,NY,425
Schenectady County ,NY,393
Schoharie County ,NY,46
Schuyler County ,NY,32
Seneca County ,NY,97
Steuben County ,NY,284
Suffolk County ,NY,5011
Sullivan County ,NY,155
Tioga County ,NY,95
Tompkins County ,NY,106
Ulster County ,NY,428
Warren County ,NY,161
Washington County ,NY,140
Wayne County ,NY,218
Westchester County ,NY,3032
Wyoming County ,NY,98
Yates County ,NY,45
Statewide Unallocated,NC,0
Alamance County ,NC,585
Alexander County ,NC,161
Alleghany County ,NC,23
Anson County ,NC,114
Ashe County ,NC,96
Avery County ,NC,49
Beaufort County ,NC,189
Bertie County ,NC,78
Bladen County ,NC,150
Brunswick County ,NC,389
Buncombe County ,NC,727
Burke County ,NC,371
Cabarrus County ,NC,576
Caldwell County ,NC,376
Camden County ,NC,10
Carteret County ,NC,165
Caswell County ,NC,61
Catawba County ,NC,685
Chatham County ,NC,137
Cherokee County ,NC,138
Chowan County ,NC,67
Clay County ,NC,52
Cleveland County ,NC,457
Columbus County ,NC,300
Craven County ,NC,268
Cumberland County ,NC,749
Currituck County ,NC,40
Dare County ,NC,35
Davidson County ,NC,514
Davie County ,NC,127
Duplin County ,NC,265
Durham County ,NC,421
Edgecombe County ,NC,185
Forsyth County ,NC,997
Franklin County ,NC,101
Gaston County ,NC,983
Gates County ,NC,22
Graham County ,NC,31
Granville County ,NC,134
Greene County ,NC,80
Guilford County ,NC,1500
Halifax County ,NC,212
Harnett County ,NC,382
Haywood County ,NC,262
Henderson County ,NC,384
Hertford County ,NC,103
Hoke County ,NC,144
Hyde County ,NC,15
Iredell County ,NC,561
Jackson County ,NC,111
Johnston County ,NC,507
Jones County ,NC,49
Lee County ,NC,181
Lenoir County ,NC,255
Lincoln County ,NC,211
McDowell County ,NC,199
Macon County ,NC,138
Madison County ,NC,93
Martin County ,NC,100
Mecklenburg County ,NC,1932
Mitchell County ,NC,43
Montgomery County ,NC,151
Moore County ,NC,387
Nash County ,NC,380
New Hanover County ,NC,476
Northampton County ,NC,100
Onslow County ,NC,437
Orange County ,NC,159
Pamlico County ,NC,37
Pasquotank County ,NC,136
Pender County ,NC,156
Perquimans County ,NC,27
Person County ,NC,122
Pitt County ,NC,307
Polk County ,NC,73
Randolph County ,NC,523
Richmond County ,NC,218
Robeson County ,NC,605
Rockingham County ,NC,337
Rowan County ,NC,657
Rutherford County ,NC,439
Sampson County ,NC,219
Scotland County ,NC,150
Stanly County ,NC,292
Stokes County ,NC,212
Surry County ,NC,431
Swain County ,NC,53
Transylvania County ,NC,88
Tyrrell County ,NC,10
Union County ,NC,542
Vance County ,NC,143
Wake County ,NC,1358
Warren County ,NC,54
Washington County ,NC,59
Watauga County ,NC,79
Wayne County ,NC,459
Wilkes County ,NC,312
Wilson County ,NC,364
Yadkin County ,NC,146
Yancey County ,NC,71
Statewide Unallocated,ND,0
Adams County ,ND,10
Barnes County ,ND,47
Benson County ,ND,23
Billings County ,ND,1
Bottineau County ,ND,26
Bowman County ,ND,9
Burke County ,ND,3
Burleigh County ,ND,303
Cass County ,ND,333
Cavalier County ,ND,7
Dickey County ,ND,39
Divide County ,ND,4
Dunn County ,ND,8
Eddy County ,ND,6
Emmons County ,ND,18
Foster County ,ND,23
Golden Valley County ,ND,4
Grand Forks County ,ND,125
Grant County ,ND,11
Griggs County ,ND,2
Hettinger County ,ND,8
Kidder County ,ND,13
LaMoure County ,ND,20
Logan County ,ND,12
McHenry County ,ND,31
McIntosh County ,ND,9
McKenzie County ,ND,25
McLean County ,ND,49
Mercer County ,ND,24
Morton County ,ND,142
Mountrail County ,ND,37
Nelson County ,ND,18
Oliver County ,ND,5
Pembina County ,ND,16
Pierce County ,ND,32
Ramsey County ,ND,57
Ransom County ,ND,28
Renville County ,ND,15
Richland County ,ND,23
Rolette County ,ND,43
Sargent County ,ND,9
Sheridan County ,ND,7
Sioux County ,ND,19
Slope County ,ND,0
Stark County ,ND,86
Steele County ,ND,2
Stutsman County ,ND,97
Towner County ,ND,12
Traill County ,ND,26
Walsh County ,ND,34
Ward County ,ND,251
Wells County ,ND,12
Williams County ,ND,68
Statewide Unallocated,OH,1340
Adams County ,OH,156
Allen County ,OH,514
Ashland County ,OH,238
Ashtabula County ,OH,457
Athens County ,OH,155
Auglaize County ,OH,202
Belmont County ,OH,152
Brown County ,OH,181
Butler County ,OH,1243
Carroll County ,OH,138
Champaign County ,OH,163
Clark County ,OH,627
Clermont County ,OH,622
Clinton County ,OH,185
Columbiana County ,OH,479
Coshocton County ,OH,171
Crawford County ,OH,228
Cuyahoga County ,OH,4174
Darke County ,OH,230
Defiance County ,OH,152
Delaware County ,OH,303
Erie County ,OH,295
Fairfield County ,OH,463
Fayette County ,OH,133
Franklin County ,OH,2831
Fulton County ,OH,185
Gallia County ,OH,117
Geauga County ,OH,293
Greene County ,OH,544
Guernsey County ,OH,166
Hamilton County ,OH,2238
Hancock County ,OH,291
Hardin County ,OH,166
Harrison County ,OH,67
Henry County ,OH,112
Highland County ,OH,188
Hocking County ,OH,134
Holmes County ,OH,192
Huron County ,OH,228
Jackson County ,OH,149
Jefferson County ,OH,255
Knox County ,OH,247
Lake County ,OH,831
Lawrence County ,OH,64
Licking County ,OH,521
Logan County ,OH,182
Lorain County ,OH,1071
Lucas County ,OH,1509
Madison County ,OH,144
Mahoning County ,OH,1192
Marion County ,OH,287
Medina County ,OH,537
Meigs County ,OH,96
Mercer County ,OH,136
Miami County ,OH,522
Monroe County ,OH,59
Montgomery County ,OH,2238
Morgan County ,OH,64
Morrow County ,OH,115
Muskingum County ,OH,327
Noble County ,OH,61
Ottawa County ,OH,150
Paulding County ,OH,63
Perry County ,OH,134
Pickaway County ,OH,242
Pike County ,OH,138
Portage County ,OH,484
Preble County ,OH,185
Putnam County ,OH,168
Richland County ,OH,547
Ross County ,OH,327
Sandusky County ,OH,259
Scioto County ,OH,255
Seneca County ,OH,249
Shelby County ,OH,208
Stark County ,OH,1839
Summit County ,OH,1871
Trumbull County ,OH,957
Tuscarawas County ,OH,549
Union County ,OH,117
Van Wert County ,OH,136
Vinton County ,OH,60
Warren County ,OH,644
Washington County ,OH,228
Wayne County ,OH,479
Williams County ,OH,142
Wood County ,OH,396
Wyandot County ,OH,112
Statewide Unallocated,OK,7
Adair County ,OK,80
Alfalfa County ,OK,17
Atoka County ,OK,58
Beaver County ,OK,12
Beckham County ,OK,109
Blaine County ,OK,53
Bryan County ,OK,150
Caddo County ,OK,191
Canadian County ,OK,446
Carter County ,OK,275
Cherokee County ,OK,167
Choctaw County ,OK,74
Cimarron County ,OK,9
Cleveland County ,OK,928
Coal County ,OK,28
Comanche County ,OK,444
Cotton County ,OK,35
Craig County ,OK,67
Creek County ,OK,368
Custer County ,OK,183
Delaware County ,OK,227
Dewey County ,OK,35
Ellis County ,OK,12
Garfield County ,OK,325
Garvin County ,OK,161
Grady County ,OK,271
Grant County ,OK,17
Greer County ,OK,44
Harmon County ,OK,15
Harper County ,OK,13
Haskell County ,OK,43
Hughes County ,OK,67
Jackson County ,OK,121
Jefferson County ,OK,29
Johnston County ,OK,61
Kay County ,OK,239
Kingfisher County ,OK,74
Kiowa County ,OK,60
Latimer County ,OK,43
Le Flore County ,OK,117
Lincoln County ,OK,156
Logan County ,OK,182
Love County ,OK,48
McClain County ,OK,147
McCurtain County ,OK,177
McIntosh County ,OK,134
Major County ,OK,45
Marshall County ,OK,48
Mayes County ,OK,184
Murray County ,OK,90
Muskogee County ,OK,397
Noble County ,OK,51
Nowata County ,OK,46
Okfuskee County ,OK,69
Oklahoma County ,OK,2800
Okmulgee County ,OK,215
Osage County ,OK,190
Ottawa County ,OK,137
Pawnee County ,OK,90
Payne County ,OK,200
Pittsburg County ,OK,240
Pontotoc County ,OK,176
Pottawatomie County ,OK,328
Pushmataha County ,OK,48
Roger Mills County ,OK,16
Rogers County ,OK,423
Seminole County ,OK,148
Sequoyah County ,OK,120
Stephens County ,OK,224
Texas County ,OK,58
Tillman County ,OK,38
Tulsa County ,OK,2446
Wagoner County ,OK,310
Washington County ,OK,302
Washita County ,OK,63
Woods County ,OK,47
Woodward County ,OK,89
Statewide Unallocated,OR,1579
Baker County ,OR,46
Benton County ,OR,66
Clackamas County ,OR,581
Clatsop County ,OR,47
Columbia County ,OR,92
Coos County ,OR,149
Crook County ,OR,77
Curry County ,OR,52
Deschutes County ,OR,266
Douglas County ,OR,380
Gilliam County ,OR,5
Grant County ,OR,20
Harney County ,OR,37
Hood River County ,OR,42
Jackson County ,OR,511
Jefferson County ,OR,88
Josephine County ,OR,322
Klamath County ,OR,210
Lake County ,OR,26
Lane County ,OR,502
Lincoln County ,OR,81
Linn County ,OR,255
Malheur County ,OR,108
Marion County ,OR,697
Morrow County ,OR,33
Multnomah County ,OR,1135
Polk County ,OR,127
Sherman County ,OR,5
Tillamook County ,OR,60
Umatilla County ,OR,208
Union County ,OR,76
Wallowa County ,OR,16
Wasco County ,OR,60
Washington County ,OR,553
Wheeler County ,OR,3
Yamhill County ,OR,211
Statewide Unallocated,PA,0
Adams County ,PA,435
Allegheny County ,PA,3933
Armstrong County ,PA,396
Beaver County ,PA,867
Bedford County ,PA,293
Berks County ,PA,1801
Blair County ,PA,698
Bradford County ,PA,238
Bucks County ,PA,2208
Butler County ,PA,861
Cambria County ,PA,827
Cameron County ,PA,23
Carbon County ,PA,357
Centre County ,PA,409
Chester County ,PA,1362
Clarion County ,PA,224
Clearfield County ,PA,402
Clinton County ,PA,143
Columbia County ,PA,280
Crawford County ,PA,373
Cumberland County ,PA,985
Dauphin County ,PA,1097
Delaware County ,PA,2112
Elk County ,PA,127
Erie County ,PA,917
Fayette County ,PA,776
Forest County ,PA,35
Franklin County ,PA,827
Fulton County ,PA,73
Greene County ,PA,122
Huntingdon County ,PA,285
Indiana County ,PA,402
Jefferson County ,PA,273
Juniata County ,PA,195
Lackawanna County ,PA,933
Lancaster County ,PA,2115
Lawrence County ,PA,474
Lebanon County ,PA,581
Lehigh County ,PA,1425
Luzerne County ,PA,1622
Lycoming County ,PA,600
McKean County ,PA,182
Mercer County ,PA,553
Mifflin County ,PA,307
Monroe County ,PA,604
Montgomery County ,PA,2711
Montour County ,PA,99
Northampton County ,PA,1271
Northumberland County ,PA,603
Perry County ,PA,200
Philadelphia County ,PA,5627
Pike County ,PA,114
Potter County ,PA,105
Schuylkill County ,PA,774
Snyder County ,PA,172
Somerset County ,PA,448
Sullivan County ,PA,38
Susquehanna County ,PA,138
Tioga County ,PA,231
Union County ,PA,160
Venango County ,PA,280
Warren County ,PA,254
Washington County ,PA,748
Wayne County ,PA,206
Westmoreland County ,PA,1595
Wyoming County ,PA,123
York County ,PA,1695
Statewide Unallocated,RI,5
Bristol County ,RI,208
Kent County ,RI,608
Newport County ,RI,121
Providence County ,RI,2903
Washington County ,RI,303
Statewide Unallocated,SC,0
Abbeville County ,SC,69
Aiken County ,SC,437
Allendale County ,SC,24
Anderson County ,SC,998
Bamberg County ,SC,75
Barnwell County ,SC,103
Beaufort County ,SC,380
Berkeley County ,SC,450
Calhoun County ,SC,61
Charleston County ,SC,945
Cherokee County ,SC,322
Chester County ,SC,153
Chesterfield County ,SC,191
Clarendon County ,SC,159
Colleton County ,SC,221
Darlington County ,SC,311
Dillon County ,SC,144
Dorchester County ,SC,496
Edgefield County ,SC,71
Fairfield County ,SC,107
Florence County ,SC,631
Georgetown County ,SC,227
Greenville County ,SC,2008
Greenwood County ,SC,305
Hampton County ,SC,86
Horry County ,SC,1159
Jasper County ,SC,93
Kershaw County ,SC,261
Lancaster County ,SC,281
Laurens County ,SC,295
Lee County ,SC,95
Lexington County ,SC,872
McCormick County ,SC,40
Marion County ,SC,163
Marlboro County ,SC,105
Newberry County ,SC,195
Oconee County ,SC,343
Orangeburg County ,SC,420
Pickens County ,SC,632
Richland County ,SC,947
Saluda County ,SC,78
Spartanburg County ,SC,1548
Sumter County ,SC,394
Union County ,SC,150
Williamsburg County ,SC,146
York County ,SC,678
Statewide Unallocated,SD,0
Aurora County ,SD,18
Beadle County ,SD,65
Bennett County ,SD,16
Bon Homme County ,SD,43
Brookings County ,SD,67
Brown County ,SD,140
Brule County ,SD,27
Buffalo County ,SD,19
Butte County ,SD,49
Campbell County ,SD,7
Charles Mix County ,SD,39
Clark County ,SD,12
Clay County ,SD,28
Codington County ,SD,109
Corson County ,SD,18
Custer County ,SD,29
Davison County ,SD,89
Day County ,SD,43
Deuel County ,SD,12
Dewey County ,SD,47
Douglas County ,SD,16
Edmunds County ,SD,17
Fall River County ,SD,44
Faulk County ,SD,17
Grant County ,SD,55
Gregory County ,SD,34
Haakon County ,SD,12
Hamlin County ,SD,42
Hand County ,SD,14
Hanson County ,SD,6
Harding County ,SD,3
Hughes County ,SD,63
Hutchinson County ,SD,39
Hyde County ,SD,9
Jackson County ,SD,23
Jerauld County ,SD,20
Jones County ,SD,2
Kingsbury County ,SD,29
Lake County ,SD,31
Lawrence County ,SD,91
Lincoln County ,SD,116
Lyman County ,SD,14
McCook County ,SD,33
McPherson County ,SD,16
Marshall County ,SD,15
Meade County ,SD,68
Mellette County ,SD,8
Miner County ,SD,15
Minnehaha County ,SD,575
Moody County ,SD,30
Oglala Lakota County ,SD,62
Pennington County ,SD,384
Perkins County ,SD,19
Potter County ,SD,10
Roberts County ,SD,57
Sanborn County ,SD,9
Spink County ,SD,40
Stanley County ,SD,9
Sully County ,SD,3
Todd County ,SD,53
Tripp County ,SD,31
Turner County ,SD,73
Union County ,SD,56
Walworth County ,SD,28
Yankton County ,SD,65
Ziebach County ,SD,12
Statewide Unallocated,TN,2521
Anderson County ,TN,334
Bedford County ,TN,236
Benton County ,TN,92
Bledsoe County ,TN,57
Blount County ,TN,436
Bradley County ,TN,415
Campbell County ,TN,167
Cannon County ,TN,63
Carroll County ,TN,156
Carter County ,TN,335
Cheatham County ,TN,119
Chester County ,TN,97
Claiborne County ,TN,178
Clay County ,TN,50
Cocke County ,TN,216
Coffee County ,TN,267
Crockett County ,TN,85
Cumberland County ,TN,326
Davidson County ,TN,1670
Decatur County ,TN,70
DeKalb County ,TN,101
Dickson County ,TN,245
Dyer County ,TN,201
Fayette County ,TN,185
Fentress County ,TN,128
Franklin County ,TN,183
Gibson County ,TN,259
Giles County ,TN,190
Grainger County ,TN,109
Greene County ,TN,372
Grundy County ,TN,73
Hamblen County ,TN,353
Hamilton County ,TN,1144
Hancock County ,TN,36
Hardeman County ,TN,116
Hardin County ,TN,145
Hawkins County ,TN,321
Haywood County ,TN,102
Henderson County ,TN,159
Henry County ,TN,161
Hickman County ,TN,110
Houston County ,TN,61
Humphreys County ,TN,74
Jackson County ,TN,63
Jefferson County ,TN,264
Johnson County ,TN,93
Knox County ,TN,1377
Lake County ,TN,43
Lauderdale County ,TN,105
Lawrence County ,TN,202
Lewis County ,TN,60
Lincoln County ,TN,170
Loudon County ,TN,192
McMinn County ,TN,260
McNairy County ,TN,120
Macon County ,TN,145
Madison County ,TN,426
Marion County ,TN,131
Marshall County ,TN,124
Maury County ,TN,344
Meigs County ,TN,57
Monroe County ,TN,243
Montgomery County ,TN,576
Moore County ,TN,40
Morgan County ,TN,86
Obion County ,TN,194
Overton County ,TN,123
Perry County ,TN,56
Pickett County ,TN,36
Polk County ,TN,74
Putnam County ,TN,304
Rhea County ,TN,160
Roane County ,TN,233
Robertson County ,TN,302
Rutherford County ,TN,900
Scott County ,TN,117
Sequatchie County ,TN,68
Sevier County ,TN,415
Shelby County ,TN,3299
Smith County ,TN,84
Stewart County ,TN,59
Sullivan County ,TN,719
Sumner County ,TN,727
Tipton County ,TN,234
Trousdale County ,TN,45
Unicoi County ,TN,96
Union County ,TN,75
Van Buren County ,TN,48
Warren County ,TN,176
Washington County ,TN,493
Wayne County ,TN,70
Weakley County ,TN,151
White County ,TN,129
Williamson County ,TN,404
Wilson County ,TN,483
Statewide Unallocated,TX,36
Anderson County ,TX,258
Andrews County ,TX,75
Angelina County ,TX,507
Aransas County ,TX,98
Archer County ,TX,31
Armstrong County ,TX,10
Atascosa County ,TX,241
Austin County ,TX,84
Bailey County ,TX,40
Bandera County ,TX,81
Bastrop County ,TX,256
Baylor County ,TX,33
Bee County ,TX,156
Bell County ,TX,948
Bexar County ,TX,6550
Blanco County ,TX,37
Borden County ,TX,2
Bosque County ,TX,78
Bowie County ,TX,458
Brazoria County ,TX,1046
Brazos County ,TX,439
Brewster County ,TX,34
Briscoe County ,TX,8
Brooks County ,TX,55
Brown County ,TX,240
Burleson County ,TX,68
Burnet County ,TX,182
Caldwell County ,TX,187
Calhoun County ,TX,55
Callahan County ,TX,80
Cameron County ,TX,2133
Camp County ,TX,80
Carson County ,TX,38
Cass County ,TX,206
Castro County ,TX,49
Chambers County ,TX,74
Cherokee County ,TX,261
Childress County ,TX,35
Clay County ,TX,44
Cochran County ,TX,25
Coke County ,TX,21
Coleman County ,TX,77
Collin County ,TX,1635
Collingsworth County ,TX,17
Colorado County ,TX,68
Comal County ,TX,587
Comanche County ,TX,85
Concho County ,TX,14
Cooke County ,TX,147
Coryell County ,TX,235
Cottle County ,TX,9
Crane County ,TX,25
Crockett County ,TX,21
Crosby County ,TX,46
Culberson County ,TX,14
Dallam County ,TX,45
Dallas County ,TX,7173
Dawson County ,TX,102
Deaf Smith County ,TX,119
Delta County ,TX,28
Denton County ,TX,1461
DeWitt County ,TX,116
Dickens County ,TX,16
Dimmit County ,TX,52
Donley County ,TX,26
Duval County ,TX,74
Eastland County ,TX,120
Ector County ,TX,740
Edwards County ,TX,12
Ellis County ,TX,620
El Paso County ,TX,3921
Erath County ,TX,132
Falls County ,TX,72
Fannin County ,TX,194
Fayette County ,TX,119
Fisher County ,TX,28
Floyd County ,TX,50
Foard County ,TX,12
Fort Bend County ,TX,1260
Franklin County ,TX,46
Freestone County ,TX,88
Frio County ,TX,95
Gaines County ,TX,85
Galveston County ,TX,910
Garza County ,TX,31
Gillespie County ,TX,120
Glasscock County ,TX,3
Goliad County ,TX,34
Gonzales County ,TX,107
Gray County ,TX,134
Grayson County ,TX,688
Gregg County ,TX,730
Grimes County ,TX,129
Guadalupe County ,TX,433
Hale County ,TX,251
Hall County ,TX,24
Hamilton County ,TX,36
Hansford County ,TX,33
Hardeman County ,TX,23
Hardin County ,TX,262
Harris County ,TX,11691
Harrison County ,TX,239
Hartley County ,TX,3
Haskell County ,TX,41
Hays County ,TX,478
Hemphill County ,TX,10
Henderson County ,TX,448
Hidalgo County ,TX,3702
Hill County ,TX,207
Hockley County ,TX,169
Hood County ,TX,302
Hopkins County ,TX,193
Houston County ,TX,121
Howard County ,TX,196
Hudspeth County ,TX,18
Hunt County ,TX,379
Hutchinson County ,TX,149
Irion County ,TX,3
Jack County ,TX,32
Jackson County ,TX,64
Jasper County ,TX,202
Jeff Davis County ,TX,10
Jefferson County ,TX,882
Jim Hogg County ,TX,23
Jim Wells County ,TX,226
Johnson County ,TX,792
Jones County ,TX,97
Karnes County ,TX,75
Kaufman County ,TX,563
Kendall County ,TX,135
Kenedy County ,TX,2
Kent County ,TX,4
Kerr County ,TX,206
Kimble County ,TX,16
King County ,TX,0
Kinney County ,TX,14
Kleberg County ,TX,155
Knox County ,TX,25
Lamar County ,TX,282
Lamb County ,TX,128
Lampasas County ,TX,97
La Salle County ,TX,50
Lavaca County ,TX,124
Lee County ,TX,65
Leon County ,TX,95
Liberty County ,TX,420
Limestone County ,TX,137
Lipscomb County ,TX,17
Live Oak County ,TX,43
Llano County ,TX,102
Loving County ,TX,1
Lubbock County ,TX,1402
Lynn County ,TX,41
McCulloch County ,TX,52
McLennan County ,TX,976
McMullen County ,TX,10
Madison County ,TX,59
Marion County ,TX,62
Martin County ,TX,26
Mason County ,TX,13
Matagorda County ,TX,185
Maverick County ,TX,481
Medina County ,TX,213
Menard County ,TX,13
Midland County ,TX,520
Milam County ,TX,109
Mills County ,TX,40
Mitchell County ,TX,52
Montague County ,TX,136
Montgomery County ,TX,1394
Moore County ,TX,116
Morris County ,TX,76
Motley County ,TX,13
Nacogdoches County ,TX,280
Navarro County ,TX,234
Newton County ,TX,64
Nolan County ,TX,108
Nueces County ,TX,1360
Ochiltree County ,TX,50
Oldham County ,TX,6
Orange County ,TX,381
Palo Pinto County ,TX,159
Panola County ,TX,139
Parker County ,TX,494
Parmer County ,TX,54
Pecos County ,TX,72
Polk County ,TX,266
Potter County ,TX,675
Presidio County ,TX,42
Rains County ,TX,62
Randall County ,TX,517
Reagan County ,TX,16
Real County ,TX,25
Red River County ,TX,75
Reeves County ,TX,77
Refugio County ,TX,42
Roberts County ,TX,2
Robertson County ,TX,79
Rockwall County ,TX,286
Runnels County ,TX,73
Rusk County ,TX,244
Sabine County ,TX,94
San Augustine County ,TX,47
San Jacinto County ,TX,111
San Patricio County ,TX,366
San Saba County ,TX,40
Schleicher County ,TX,9
Scurry County ,TX,108
Shackelford County ,TX,12
Shelby County ,TX,139
Sherman County ,TX,16
Smith County ,TX,1023
Somervell County ,TX,37
Starr County ,TX,392
Stephens County ,TX,53
Sterling County ,TX,9
Stonewall County ,TX,7
Sutton County ,TX,14
Swisher County ,TX,34
Tarrant County ,TX,5622
Taylor County ,TX,780
Terrell County ,TX,3
Terry County ,TX,88
Throckmorton County ,TX,10
Titus County ,TX,139
Tom Green County ,TX,491
Travis County ,TX,1865
Trinity County ,TX,81
Tyler County ,TX,91
Upshur County ,TX,197
Upton County ,TX,19
Uvalde County ,TX,152
Val Verde County ,TX,313
Van Zandt County ,TX,302
Victoria County ,TX,431
Walker County ,TX,216
Waller County ,TX,114
Ward County ,TX,51
Washington County ,TX,157
Webb County ,TX,1092
Wharton County ,TX,230
Wheeler County ,TX,24
Wichita County ,TX,761
Wilbarger County ,TX,94
Willacy County ,TX,139
Williamson County ,TX,952
Wilson County ,TX,168
Winkler County ,TX,36
Wise County ,TX,287
Wood County ,TX,311
Yoakum County ,TX,44
Young County ,TX,103
Zapata County ,TX,57
Zavala County ,TX,70
Statewide Unallocated,UT,603
Beaver County ,UT,7
Box Elder County ,UT,137
Cache County ,UT,135
Carbon County ,UT,46
Daggett County ,UT,0
Davis County ,UT,463
Duchesne County ,UT,9
Emery County ,UT,28
Garfield County ,UT,10
Grand County ,UT,6
Iron County ,UT,32
Juab County ,UT,26
Kane County ,UT,5
Millard County ,UT,36
Morgan County ,UT,16
Piute County ,UT,8
Rich County ,UT,3
Salt Lake County ,UT,1880
San Juan County ,UT,53
Sanpete County ,UT,64
Sevier County ,UT,33
Summit County ,UT,30
Tooele County ,UT,117
Uintah County ,UT,18
Utah County ,UT,892
Wasatch County ,UT,39
Washington County ,UT,204
Wayne County ,UT,0
Weber County ,UT,497
Statewide Unallocated,VT,21
Addison County ,VT,33
Bennington County ,VT,94
Caledonia County ,VT,41
Chittenden County ,VT,230
Essex County ,VT,4
Franklin County ,VT,86
Grand Isle County ,VT,8
Lamoille County ,VT,28
Orange County ,VT,17
Orleans County ,VT,49
Rutland County ,VT,98
Washington County ,VT,80
Windham County ,VT,53
Windsor County ,VT,68
Statewide Unallocated,VA,0
Accomack County ,VA,122
Albemarle County ,VA,209
Alleghany County ,VA,112
Amelia County ,VA,64
Amherst County ,VA,114
Appomattox County ,VA,63
Arlington County ,VA,371
Augusta County ,VA,236
Bath County ,VA,21
Bedford County ,VA,288
Bland County ,VA,25
Botetourt County ,VA,118
Brunswick County ,VA,54
Buchanan County ,VA,149
Buckingham County ,VA,65
Campbell County ,VA,239
Caroline County ,VA,95
Carroll County ,VA,179
Charles City County ,VA,31
Charlotte County ,VA,50
Chesterfield County ,VA,874
Clarke County ,VA,58
Craig County ,VA,25
Culpeper County ,VA,178
Cumberland County ,VA,31
Dickenson County ,VA,72
Dinwiddie County ,VA,110
Essex County ,VA,42
Fairfax County ,VA,1719
Fauquier County ,VA,164
Floyd County ,VA,55
Fluvanna County ,VA,54
Franklin County ,VA,231
Frederick County ,VA,292
Giles County ,VA,60
Gloucester County ,VA,116
Goochland County ,VA,63
Grayson County ,VA,98
Greene County ,VA,65
Greensville County ,VA,45
Halifax County ,VA,195
Hanover County ,VA,348
Henrico County ,VA,1100
Henry County ,VA,330
Highland County ,VA,6
Isle of Wight County ,VA,130
James City County ,VA,155
King and Queen County ,VA,15
King George County ,VA,57
King William County ,VA,53
Lancaster County ,VA,42
Lee County ,VA,132
Loudoun County ,VA,449
Louisa County ,VA,103
Lunenburg County ,VA,45
Madison County ,VA,49
Mathews County ,VA,27
Mecklenburg County ,VA,148
Middlesex County ,VA,55
Montgomery County ,VA,190
Nelson County ,VA,40
New Kent County ,VA,45
Northampton County ,VA,79
Northumberland County ,VA,47
Nottoway County ,VA,104
Orange County ,VA,110
Page County ,VA,134
Patrick County ,VA,122
Pittsylvania County ,VA,249
Powhatan County ,VA,67
Prince Edward County ,VA,90
Prince George County ,VA,90
Prince William County ,VA,840
Pulaski County ,VA,171
Rappahannock County ,VA,14
Richmond County ,VA,30
Roanoke County ,VA,320
Rockbridge County ,VA,93
Rockingham County ,VA,273
Russell County ,VA,139
Scott County ,VA,146
Shenandoah County ,VA,265
Smyth County ,VA,208
Southampton County ,VA,109
Spotsylvania County ,VA,342
Stafford County ,VA,202
Surry County ,VA,23
Sussex County ,VA,49
Tazewell County ,VA,225
Warren County ,VA,185
Washington County ,VA,269
Westmoreland County ,VA,60
Wise County ,VA,238
Wythe County ,VA,173
York County ,VA,136
City of Alexandria,VA,233
City of Bristol,VA,113
City of Buena Vista,VA,48
City of Charlottesville,VA,86
City of Chesapeake,VA,569
City of Colonial Heights,VA,112
City of Covington,VA,31
City of Danville,VA,304
City of Emporia,VA,57
City of Fairfax,VA,50
City of Falls Church,VA,21
City of Franklin,VA,56
City of Fredericksburg,VA,52
City of Galax,VA,86
City of Hampton,VA,375
City of Harrisonburg,VA,185
City of Hopewell,VA,127
City of Lexington,VA,34
City of Lynchburg,VA,330
City of Manassas,VA,80
City of Manassas Park,VA,31
City of Martinsville,VA,126
City of Newport News,VA,460
City of Norfolk,VA,549
City of Norton,VA,22
City of Petersburg,VA,151
City of Poquoson,VA,31
City of Portsmouth,VA,370
City of Radford,VA,50
City of Richmond,VA,545
City of Roanoke,VA,442
City of Salem,VA,113
City of Staunton,VA,138
City of Suffolk,VA,346
City of Virginia Beach,VA,957
City of Waynesboro,VA,90
City of Williamsburg,VA,25
City of Winchester,VA,101
Statewide Unallocated,WA,16
Adams County ,WA,51
Asotin County ,WA,84
Benton County ,WA,548
Chelan County ,WA,184
Clallam County ,WA,213
Clark County ,WA,1045
Columbia County ,WA,20
Cowlitz County ,WA,424
Douglas County ,WA,100
Ferry County ,WA,35
Franklin County ,WA,222
Garfield County ,WA,7
Grant County ,WA,240
Grays Harbor County ,WA,266
Island County ,WA,141
Jefferson County ,WA,45
King County ,WA,3529
Kitsap County ,WA,442
Kittitas County ,WA,89
Klickitat County ,WA,64
Lewis County ,WA,290
Lincoln County ,WA,34
Mason County ,WA,189
Okanogan County ,WA,148
Pacific County ,WA,78
Pend Oreille County ,WA,49
Pierce County ,WA,1664
San Juan County ,WA,5
Skagit County ,WA,285
Skamania County ,WA,21
Snohomish County ,WA,1459
Spokane County ,WA,1666
Stevens County ,WA,191
Thurston County ,WA,559
Wahkiakum County ,WA,15
Walla Walla County ,WA,176
Whatcom County ,WA,408
Whitman County ,WA,98
Yakima County ,WA,872
Statewide Unallocated,WV,237
Barbour County ,WV,77
Berkeley County ,WV,346
Boone County ,WV,102
Braxton County ,WV,52
Brooke County ,WV,111
Cabell County ,WV,442
Calhoun County ,WV,15
Clay County ,WV,54
Doddridge County ,WV,20
Fayette County ,WV,235
Gilmer County ,WV,23
Grant County ,WV,61
Greenbrier County ,WV,184
Hampshire County ,WV,75
Hancock County ,WV,152
Hardy County ,WV,52
Harrison County ,WV,290
Jackson County ,WV,159
Jefferson County ,WV,151
Kanawha County ,WV,879
Lewis County ,WV,96
Lincoln County ,WV,96
Logan County ,WV,204
McDowell County ,WV,87
Marion County ,WV,208
Marshall County ,WV,171
Mason County ,WV,111
Mercer County ,WV,290
Mineral County ,WV,167
Mingo County ,WV,135
Monongalia County ,WV,218
Monroe County ,WV,50
Morgan County ,WV,78
Nicholas County ,WV,112
Ohio County ,WV,198
Pendleton County ,WV,24
Pleasants County ,WV,39
Pocahontas County ,WV,36
Preston County ,WV,145
Putnam County ,WV,221
Raleigh County ,WV,423
Randolph County ,WV,99
Ritchie County ,WV,34
Roane County ,WV,51
Summers County ,WV,66
Taylor County ,WV,84
Tucker County ,WV,39
Tyler County ,WV,33
Upshur County ,WV,105
Wayne County ,WV,148
Webster County ,WV,38
Wetzel County ,WV,97
Wirt County ,WV,28
Wood County ,WV,380
Wyoming County ,WV,135
Statewide Unallocated,WI,0
Adams County ,WI,70
Ashland County ,WI,43
Barron County ,WI,160
Bayfield County ,WI,49
Brown County ,WI,637
Buffalo County ,WI,16
Burnett County ,WI,45
Calumet County ,WI,138
Chippewa County ,WI,222
Clark County ,WI,137
Columbia County ,WI,151
Crawford County ,WI,34
Dane County ,WI,685
Dodge County ,WI,388
Door County ,WI,94
Douglas County ,WI,95
Dunn County ,WI,87
Eau Claire County ,WI,218
Florence County ,WI,17
Fond du Lac County ,WI,330
Forest County ,WI,56
Grant County ,WI,164
Green County ,WI,71
Green Lake County ,WI,72
Iowa County ,WI,36
Iron County ,WI,50
Jackson County ,WI,48
Jefferson County ,WI,278
Juneau County ,WI,80
Kenosha County ,WI,729
Kewaunee County ,WI,72
La Crosse County ,WI,230
Lafayette County ,WI,36
Langlade County ,WI,109
Lincoln County ,WI,160
Manitowoc County ,WI,223
Marathon County ,WI,558
Marinette County ,WI,154
Marquette County ,WI,71
Menominee County ,WI,16
Milwaukee County ,WI,2532
Monroe County ,WI,123
Oconto County ,WI,137
Oneida County ,WI,158
Outagamie County ,WI,461
Ozaukee County ,WI,216
Pepin County ,WI,19
Pierce County ,WI,80
Polk County ,WI,135
Portage County ,WI,184
Price County ,WI,44
Racine County ,WI,768
Richland County ,WI,61
Rock County ,WI,475
Rusk County ,WI,67
St. Croix County ,WI,172
Sauk County ,WI,175
Sawyer County ,WI,71
Shawano County ,WI,166
Sheboygan County ,WI,377
Taylor County ,WI,83
Trempealeau County ,WI,77
Vernon County ,WI,122
Vilas County ,WI,110
Walworth County ,WI,316
Washburn County ,WI,53
Washington County ,WI,376
Waukesha County ,WI,1277
Waupaca County ,WI,269
Waushara County ,WI,94
Winnebago County ,WI,424
Wood County ,WI,272
Statewide Unallocated,WY,0
Albany County ,WY,54
Big Horn County ,WY,66
Campbell County ,WY,167
Carbon County ,WY,55
Converse County ,WY,58
Crook County ,WY,34
Fremont County ,WY,208
Goshen County ,WY,67
Hot Springs County ,WY,22
Johnson County ,WY,22
Laramie County ,WY,328
Lincoln County ,WY,38
Natrona County ,WY,312
Niobrara County ,WY,12
Park County ,WY,154
Platte County ,WY,46
Sheridan County ,WY,92
Sublette County ,WY,28
Sweetwater County ,WY,142
Teton County ,WY,16
Uinta County ,WY,43
Washakie County ,WY,51
Weston County ,WY,24
